id,"imagetype","date","ip"
1,"static","2016-06-27 10:36:45","217.115.196.87"
2,"static","2016-06-27 10:40:42","82.161.255.143"
3,"static","2016-06-27 10:41:04","82.161.255.143"
4,"video","2016-06-27 11:02:48","82.161.255.143"
5,"static","2016-06-27 11:09:59","82.161.255.143"
6,"static","2016-06-27 11:26:37","82.161.255.143"
7,"video","2016-06-27 11:38:19","82.161.255.143"
8,"static","2016-06-27 11:48:21","62.72.192.91"
9,"static","2016-06-27 11:51:36","82.161.255.143"
10,"static","2016-06-27 13:50:06","213.251.71.160"
11,"video","2016-06-27 15:49:52","77.174.238.231"
12,"video","2016-06-27 15:51:21","31.161.109.33"
13,"video","2016-06-27 15:51:52","178.84.55.142"
14,"video","2016-06-27 16:08:44","94.209.216.109"
15,"video","2016-06-27 16:11:18","139.63.54.96"
16,"video","2016-06-27 16:38:29","145.129.182.60"
17,"video","2016-06-27 16:38:34","92.110.149.19"
18,"static","2016-06-27 17:23:34","86.95.115.162"
19,"video","2016-06-27 17:43:22","94.210.208.166"
20,"static","2016-06-27 17:45:22","146.50.1.199"
21,"video","2016-06-27 17:46:02","94.210.203.94"
22,"static","2016-06-27 17:51:16","77.167.50.92"
23,"video","2016-06-27 17:55:58","195.169.171.188"
24,"static","2016-06-27 18:00:47","2001:1c00:1704:1600:40d8:7b37:33a2:1bd8"
25,"video","2016-06-27 18:03:01","2001:982:a746:1:ced:6ae1:e4d1:5747"
26,"static","2016-06-27 18:26:19","188.207.77.212"
27,"static","2016-06-27 18:32:43","145.97.207.220"
28,"video","2016-06-27 18:42:35","89.98.25.119"
29,"video","2016-06-27 18:50:49","77.251.74.128"
30,"static","2016-06-27 19:01:09","145.97.210.31"
31,"video","2016-06-27 19:17:41","83.85.2.5"
32,"static","2016-06-27 19:20:57","90.42.173.160"
33,"static","2016-06-27 19:37:59","77.160.237.188"
34,"video","2016-06-27 20:48:36","212.108.15.121"
35,"video","2016-06-27 21:27:10","145.15.244.119"
36,"video","2016-06-27 21:27:32","88.7.180.116"
37,"static","2016-06-27 21:31:37","2001:980:a4a2:1:1066:146c:d85c:333b"
38,"static","2016-06-27 21:59:20","86.84.35.189"
39,"video","2016-06-27 22:01:05","91.10.59.199"
40,"static","2016-06-27 23:33:25","62.195.10.215"
41,"video","2016-06-28 04:26:42","86.95.115.162"
42,"static","2016-06-28 07:29:08","2001:1c00:b01:3c00:216f:c257:b85b:658d"
43,"video","2016-06-28 08:08:05","83.84.19.4"
44,"static","2016-06-29 17:57:56","31.161.168.206"
45,"","2016-06-29 18:09:39","90.142.80.25"
46,"video","2016-06-30 11:10:40","94.112.1.215"
47,"static","2016-07-01 10:21:51","90.128.223.11"
48,"video","2016-07-01 10:29:20","90.128.223.11"
